Protocol,Sweep,Config_Profile,Config_Point,Metric_Name,N_Trials,Running_Mean,Running_SE
BB84,sweep_a,Ideal_0%,f=0.0,QBER,10,0.0,0.0
BB84,sweep_a,Ideal_0%,f=0.0,QBER,25,0.0,0.0
BB84,sweep_a,Ideal_0%,f=0.0,QBER,50,0.0,0.0
BB84,sweep_a,Ideal_0%,f=0.0,QBER,100,0.0,0.0
BB84,sweep_a,Ideal_0%,f=0.0,QBER,200,0.0,0.0
BB84,sweep_a,Ideal_0%,f=0.0,SKR,10,0.5035999999999999,0.007112117984273202
BB84,sweep_a,Ideal_0%,f=0.0,SKR,25,0.50004,0.003542353266779965
BB84,sweep_a,Ideal_0%,f=0.0,SKR,50,0.49954,0.002290033419237479
BB84,sweep_a,Ideal_0%,f=0.0,SKR,100,0.5001000000000001,0.0017189672727683004
BB84,sweep_a,Ideal_0%,f=0.0,SKR,200,0.49974,0.0011479332531854132
BB84,sweep_a,Ideal_0%,f=0.0,FPR,10,0.0,0.0
BB84,sweep_a,Ideal_0%,f=0.0,FPR,25,0.0,0.0
BB84,sweep_a,Ideal_0%,f=0.0,FPR,50,0.0,0.0
BB84,sweep_a,Ideal_0%,f=0.0,FPR,100,0.0,0.0
BB84,sweep_a,Ideal_0%,f=0.0,FPR,200,0.0,0.0
BB84,sweep_a,Ideal_0%,f=0.1,QBER,10,0.02678655967800525,0.00225961287656641
BB84,sweep_a,Ideal_0%,f=0.1,QBER,25,0.0251248614867518,0.0013144262735472433
BB84,sweep_a,Ideal_0%,f=0.1,QBER,50,0.024230258502761805,0.0009611244084454603
BB84,sweep_a,Ideal_0%,f=0.1,QBER,100,0.02467501503397646,0.0006404087308771714
BB84,sweep_a,Ideal_0%,f=0.1,QBER,200,0.024875867452821793,0.0004665544574721059
BB84,sweep_a,Ideal_0%,f=0.1,SKR,10,0.32021232460947907,0.011292225683753798
BB84,sweep_a,Ideal_0%,f=0.1,SKR,25,0.3317645844401904,0.007081984245263509
BB84,sweep_a,Ideal_0%,f=0.1,SKR,50,0.33569555474422896,0.005295691247373259
BB84,sweep_a,Ideal_0%,f=0.1,SKR,100,0.3344121076030706,0.0034523484983031887
BB84,sweep_a,Ideal_0%,f=0.1,SKR,200,0.3330375665151509,0.002559392897382005
BB84,sweep_a,Ideal_0%,f=0.1,FNR,10,1.0,0.0
BB84,sweep_a,Ideal_0%,f=0.1,FNR,25,1.0,0.0
BB84,sweep_a,Ideal_0%,f=0.1,FNR,50,1.0,0.0
BB84,sweep_a,Ideal_0%,f=0.1,FNR,100,1.0,0.0
BB84,sweep_a,Ideal_0%,f=0.1,FNR,200,1.0,0.0
BB84,sweep_a,Ideal_0%,f=0.2,QBER,10,0.05234670156314112,0.0038537798795454116
BB84,sweep_a,Ideal_0%,f=0.2,QBER,25,0.0498515551137874,0.0021513626704628254
BB84,sweep_a,Ideal_0%,f=0.2,QBER,50,0.05008444245570756,0.0015083379844087067
BB84,sweep_a,Ideal_0%,f=0.2,QBER,100,0.04975674813540204,0.000996454156039001
BB84,sweep_a,Ideal_0%,f=0.2,QBER,200,0.049405976505710554,0.0006738270189804485
BB84,sweep_a,Ideal_0%,f=0.2,SKR,10,0.20592452618293974,0.017033871448759445
BB84,sweep_a,Ideal_0%,f=0.2,SKR,25,0.21493295117098654,0.009262453074533893
BB84,sweep_a,Ideal_0%,f=0.2,SKR,50,0.21523671568032904,0.006564147710384074
BB84,sweep_a,Ideal_0%,f=0.2,SKR,100,0.21630846608346366,0.00434065432830965
BB84,sweep_a,Ideal_0%,f=0.2,SKR,200,0.217509069717891,0.0029492430668216245
BB84,sweep_a,Ideal_0%,f=0.2,FNR,10,1.0,0.0
BB84,sweep_a,Ideal_0%,f=0.2,FNR,25,1.0,0.0
BB84,sweep_a,Ideal_0%,f=0.2,FNR,50,1.0,0.0
BB84,sweep_a,Ideal_0%,f=0.2,FNR,100,1.0,0.0
BB84,sweep_a,Ideal_0%,f=0.2,FNR,200,1.0,0.0
BB84,sweep_a,Ideal_0%,f=0.3,QBER,10,0.07381594756890597,0.003066495679371778
BB84,sweep_a,Ideal_0%,f=0.3,QBER,25,0.07362434543700093,0.0018533931116344615
BB84,sweep_a,Ideal_0%,f=0.3,QBER,50,0.07589567534981405,0.0016599022535878926
BB84,sweep_a,Ideal_0%,f=0.3,QBER,100,0.07563332736086925,0.0012180705951893383
BB84,sweep_a,Ideal_0%,f=0.3,QBER,200,0.07469042070688228,0.0008446978533406892
BB84,sweep_a,Ideal_0%,f=0.3,SKR,10,0.12045547272698409,0.011295422884505062
BB84,sweep_a,Ideal_0%,f=0.3,SKR,25,0.12181585293010451,0.006951537939573965
BB84,sweep_a,Ideal_0%,f=0.3,SKR,50,0.1137100333336545,0.006069292635582386
BB84,sweep_a,Ideal_0%,f=0.3,SKR,100,0.11491923811434798,0.004419157904883113
BB84,sweep_a,Ideal_0%,f=0.3,SKR,200,0.11846981365000571,0.0031291402641954453
BB84,sweep_a,Ideal_0%,f=0.3,FNR,10,1.0,0.0
BB84,sweep_a,Ideal_0%,f=0.3,FNR,25,1.0,0.0
BB84,sweep_a,Ideal_0%,f=0.3,FNR,50,1.0,0.0
BB84,sweep_a,Ideal_0%,f=0.3,FNR,100,1.0,0.0
BB84,sweep_a,Ideal_0%,f=0.3,FNR,200,1.0,0.0
BB84,sweep_a,Ideal_0%,f=0.4,QBER,10,0.09965276199999715,0.0038222729076900952
BB84,sweep_a,Ideal_0%,f=0.4,QBER,25,0.10338456955514072,0.003233591782457785
BB84,sweep_a,Ideal_0%,f=0.4,QBER,50,0.10313531015359939,0.002165667655797413
BB84,sweep_a,Ideal_0%,f=0.4,QBER,100,0.10002877930482343,0.0014879633099183598
BB84,sweep_a,Ideal_0%,f=0.4,QBER,200,0.10005069421055783,0.0009947330202875787
BB84,sweep_a,Ideal_0%,f=0.4,SKR,10,0.037219963887157446,0.009425552085703863
BB84,sweep_a,Ideal_0%,f=0.4,SKR,25,0.033393657398283115,0.006498750718278021
BB84,sweep_a,Ideal_0%,f=0.4,SKR,50,0.033203664663007955,0.00434737435607013
BB84,sweep_a,Ideal_0%,f=0.4,SKR,100,0.039772500784237955,0.003581939838404462
BB84,sweep_a,Ideal_0%,f=0.4,SKR,200,0.0385521207533767,0.0025680315677608315
BB84,sweep_a,Ideal_0%,f=0.4,FNR,10,1.0,0.0
BB84,sweep_a,Ideal_0%,f=0.4,FNR,25,0.96,0.04
BB84,sweep_a,Ideal_0%,f=0.4,FNR,50,0.94,0.033926691677251195
BB84,sweep_a,Ideal_0%,f=0.4,FNR,100,0.97,0.017144660799776532
BB84,sweep_a,Ideal_0%,f=0.4,FNR,200,0.985,0.008616625276509297
BB84,sweep_a,Ideal_0%,f=0.5,QBER,10,0.12773447714367184,0.0061011047034301834
BB84,sweep_a,Ideal_0%,f=0.5,QBER,25,0.12387694584944126,0.0033910323102623006
BB84,sweep_a,Ideal_0%,f=0.5,QBER,50,0.12176599387988796,0.002259402281190159
BB84,sweep_a,Ideal_0%,f=0.5,QBER,100,0.1238692713322786,0.0015794677793175573
BB84,sweep_a,Ideal_0%,f=0.5,QBER,200,0.12258105004160176,0.0010383271671912935
BB84,sweep_a,Ideal_0%,f=0.5,SKR,10,0.007107434300878861,0.005488409979420691
BB84,sweep_a,Ideal_0%,f=0.5,SKR,25,0.0054481511448367615,0.003093004641679965
BB84,sweep_a,Ideal_0%,f=0.5,SKR,50,0.006212208076554649,0.0022458476942978337
BB84,sweep_a,Ideal_0%,f=0.5,SKR,100,0.004921300233873252,0.0014074613652571297
BB84,sweep_a,Ideal_0%,f=0.5,SKR,200,0.004741727631410235,0.0009526448594465033
BB84,sweep_a,Ideal_0%,f=0.5,FNR,10,0.7,0.15275252316519464
BB84,sweep_a,Ideal_0%,f=0.5,FNR,25,0.8,0.08164965809277261
BB84,sweep_a,Ideal_0%,f=0.5,FNR,50,0.8,0.05714285714285715
BB84,sweep_a,Ideal_0%,f=0.5,FNR,100,0.75,0.04351941398892446
BB84,sweep_a,Ideal_0%,f=0.5,FNR,200,0.8,0.02835524820033344
BB84,sweep_a,Ideal_0%,f=0.6,QBER,10,0.14214992779036456,0.006855361963643883
BB84,sweep_a,Ideal_0%,f=0.6,QBER,25,0.14914389832170083,0.00456436225221828
BB84,sweep_a,Ideal_0%,f=0.6,QBER,50,0.14795143077587528,0.002653328629235559
BB84,sweep_a,Ideal_0%,f=0.6,QBER,100,0.14845310260267722,0.0017460287654104088
BB84,sweep_a,Ideal_0%,f=0.6,QBER,200,0.14872729995483958,0.0011660484645115154
BB84,sweep_a,Ideal_0%,f=0.6,SKR,10,0.0,0.0
BB84,sweep_a,Ideal_0%,f=0.6,SKR,25,0.0,0.0
BB84,sweep_a,Ideal_0%,f=0.6,SKR,50,0.0,0.0
BB84,sweep_a,Ideal_0%,f=0.6,SKR,100,0.00029068570788772944,0.00029068570788772944
BB84,sweep_a,Ideal_0%,f=0.6,SKR,200,0.00014534285394386472,0.00014534285394386475
BB84,sweep_a,Ideal_0%,f=0.6,FNR,10,0.4,0.1632993161855452
BB84,sweep_a,Ideal_0%,f=0.6,FNR,25,0.28,0.09165151389911681
BB84,sweep_a,Ideal_0%,f=0.6,FNR,50,0.22,0.05917804336345138
BB84,sweep_a,Ideal_0%,f=0.6,FNR,100,0.2,0.04020151261036849
BB84,sweep_a,Ideal_0%,f=0.6,FNR,200,0.21,0.028873315391699354
BB84,sweep_a,Ideal_0%,f=0.7,QBER,10,0.1805651815032169,0.005891166516415803
BB84,sweep_a,Ideal_0%,f=0.7,QBER,25,0.18031640624648934,0.0036302850999073767
BB84,sweep_a,Ideal_0%,f=0.7,QBER,50,0.17658870823773615,0.0025402951968814184
BB84,sweep_a,Ideal_0%,f=0.7,QBER,100,0.17547699205590905,0.0017406556537735065
BB84,sweep_a,Ideal_0%,f=0.7,QBER,200,0.17347871623861555,0.0011995579710823848
BB84,sweep_a,Ideal_0%,f=0.7,SKR,10,0.0,0.0
BB84,sweep_a,Ideal_0%,f=0.7,SKR,25,0.0,0.0
BB84,sweep_a,Ideal_0%,f=0.7,SKR,50,0.0,0.0
BB84,sweep_a,Ideal_0%,f=0.7,SKR,100,0.0,0.0
BB84,sweep_a,Ideal_0%,f=0.7,SKR,200,0.0,0.0
BB84,sweep_a,Ideal_0%,f=0.7,FNR,10,0.0,0.0
BB84,sweep_a,Ideal_0%,f=0.7,FNR,25,0.0,0.0
BB84,sweep_a,Ideal_0%,f=0.7,FNR,50,0.0,0.0
BB84,sweep_a,Ideal_0%,f=0.7,FNR,100,0.01,0.009999999999999998
BB84,sweep_a,Ideal_0%,f=0.7,FNR,200,0.01,0.007053278933842965
BB84,sweep_a,Ideal_0%,f=0.8,QBER,10,0.20520345644717836,0.004290415466147736
BB84,sweep_a,Ideal_0%,f=0.8,QBER,25,0.19747694288142875,0.0036654569400037854
BB84,sweep_a,Ideal_0%,f=0.8,QBER,50,0.19708718580607626,0.002756589950969635
BB84,sweep_a,Ideal_0%,f=0.8,QBER,100,0.19758001136611356,0.0018041059915828452
BB84,sweep_a,Ideal_0%,f=0.8,QBER,200,0.1965141853177877,0.001276568994626992
BB84,sweep_a,Ideal_0%,f=0.8,SKR,10,0.0,0.0
BB84,sweep_a,Ideal_0%,f=0.8,SKR,25,0.0,0.0
BB84,sweep_a,Ideal_0%,f=0.8,SKR,50,0.0,0.0
BB84,sweep_a,Ideal_0%,f=0.8,SKR,100,0.0,0.0
BB84,sweep_a,Ideal_0%,f=0.8,SKR,200,0.0,0.0
BB84,sweep_a,Ideal_0%,f=0.8,FNR,10,0.0,0.0
BB84,sweep_a,Ideal_0%,f=0.8,FNR,25,0.0,0.0
BB84,sweep_a,Ideal_0%,f=0.8,FNR,50,0.0,0.0
BB84,sweep_a,Ideal_0%,f=0.8,FNR,100,0.0,0.0
BB84,sweep_a,Ideal_0%,f=0.8,FNR,200,0.0,0.0
BB84,sweep_a,Ideal_0%,f=0.9,QBER,10,0.21159695074521395,0.003328075909732212
BB84,sweep_a,Ideal_0%,f=0.9,QBER,25,0.21625833413550746,0.003224388429992099
BB84,sweep_a,Ideal_0%,f=0.9,QBER,50,0.22122443340907438,0.0028936780690212187
BB84,sweep_a,Ideal_0%,f=0.9,QBER,100,0.2241531603457849,0.002194827582241959
BB84,sweep_a,Ideal_0%,f=0.9,QBER,200,0.2236726791337979,0.0014269884856170404
BB84,sweep_a,Ideal_0%,f=0.9,SKR,10,0.0,0.0
BB84,sweep_a,Ideal_0%,f=0.9,SKR,25,0.0,0.0
BB84,sweep_a,Ideal_0%,f=0.9,SKR,50,0.0,0.0
BB84,sweep_a,Ideal_0%,f=0.9,SKR,100,0.0,0.0
BB84,sweep_a,Ideal_0%,f=0.9,SKR,200,0.0,0.0
BB84,sweep_a,Ideal_0%,f=0.9,FNR,10,0.0,0.0
BB84,sweep_a,Ideal_0%,f=0.9,FNR,25,0.0,0.0
BB84,sweep_a,Ideal_0%,f=0.9,FNR,50,0.0,0.0
BB84,sweep_a,Ideal_0%,f=0.9,FNR,100,0.0,0.0
BB84,sweep_a,Ideal_0%,f=0.9,FNR,200,0.0,0.0
BB84,sweep_a,Ideal_0%,f=1.0,QBER,10,0.2442778456062708,0.006457106173949851
BB84,sweep_a,Ideal_0%,f=1.0,QBER,25,0.24681315945947663,0.003918800317706422
BB84,sweep_a,Ideal_0%,f=1.0,QBER,50,0.24777386912396135,0.0030142888228734143
BB84,sweep_a,Ideal_0%,f=1.0,QBER,100,0.24836458960843052,0.0019853019660171396
BB84,sweep_a,Ideal_0%,f=1.0,QBER,200,0.24869134579535185,0.0014463562426754624
BB84,sweep_a,Ideal_0%,f=1.0,SKR,10,0.0,0.0
BB84,sweep_a,Ideal_0%,f=1.0,SKR,25,0.0,0.0
BB84,sweep_a,Ideal_0%,f=1.0,SKR,50,0.0,0.0
BB84,sweep_a,Ideal_0%,f=1.0,SKR,100,0.0,0.0
BB84,sweep_a,Ideal_0%,f=1.0,SKR,200,0.0,0.0
BB84,sweep_a,Ideal_0%,f=1.0,FNR,10,0.0,0.0
BB84,sweep_a,Ideal_0%,f=1.0,FNR,25,0.0,0.0
BB84,sweep_a,Ideal_0%,f=1.0,FNR,50,0.0,0.0
BB84,sweep_a,Ideal_0%,f=1.0,FNR,100,0.0,0.0
BB84,sweep_a,Ideal_0%,f=1.0,FNR,200,0.0,0.0
Six-State,sweep_a,Ideal_0%,f=0.0,QBER,10,0.0,0.0
Six-State,sweep_a,Ideal_0%,f=0.0,QBER,25,0.0,0.0
Six-State,sweep_a,Ideal_0%,f=0.0,QBER,50,0.0,0.0
Six-State,sweep_a,Ideal_0%,f=0.0,QBER,100,0.0,0.0
Six-State,sweep_a,Ideal_0%,f=0.0,QBER,200,0.0,0.0
Six-State,sweep_a,Ideal_0%,f=0.0,SKR,10,0.3340000000000001,0.004464676173400859
Six-State,sweep_a,Ideal_0%,f=0.0,SKR,25,0.33132000000000006,0.002886589683346077
Six-State,sweep_a,Ideal_0%,f=0.0,SKR,50,0.33178,0.001996995702733156
Six-State,sweep_a,Ideal_0%,f=0.0,SKR,100,0.3316200000000001,0.0013825594768655364
Six-State,sweep_a,Ideal_0%,f=0.0,SKR,200,0.33242499999999997,0.0010351228291158414
Six-State,sweep_a,Ideal_0%,f=0.0,FPR,10,0.0,0.0
Six-State,sweep_a,Ideal_0%,f=0.0,FPR,25,0.0,0.0
Six-State,sweep_a,Ideal_0%,f=0.0,FPR,50,0.0,0.0
Six-State,sweep_a,Ideal_0%,f=0.0,FPR,100,0.0,0.0
Six-State,sweep_a,Ideal_0%,f=0.0,FPR,200,0.0,0.0
Six-State,sweep_a,Ideal_0%,f=0.1,QBER,10,0.03202124539881201,0.002688354293730933
Six-State,sweep_a,Ideal_0%,f=0.1,QBER,25,0.032879012697408526,0.0021086762086451887
Six-State,sweep_a,Ideal_0%,f=0.1,QBER,50,0.032899273939928614,0.0014031112830167364
Six-State,sweep_a,Ideal_0%,f=0.1,QBER,100,0.032952382727961554,0.0010107534288932474
Six-State,sweep_a,Ideal_0%,f=0.1,QBER,200,0.032910944221113396,0.0007110844868605216
Six-State,sweep_a,Ideal_0%,f=0.1,SKR,10,0.19586170823745944,0.008051378854058561
Six-State,sweep_a,Ideal_0%,f=0.1,SKR,25,0.19390946398942513,0.006528432319164328
Six-State,sweep_a,Ideal_0%,f=0.1,SKR,50,0.19474152738231787,0.004768175374618076
Six-State,sweep_a,Ideal_0%,f=0.1,SKR,100,0.19508933937297887,0.003396023766000255
Six-State,sweep_a,Ideal_0%,f=0.1,SKR,200,0.195152376778445,0.002374203148372158
Six-State,sweep_a,Ideal_0%,f=0.1,FNR,10,1.0,0.0
Six-State,sweep_a,Ideal_0%,f=0.1,FNR,25,1.0,0.0
Six-State,sweep_a,Ideal_0%,f=0.1,FNR,50,1.0,0.0
Six-State,sweep_a,Ideal_0%,f=0.1,FNR,100,1.0,0.0
Six-State,sweep_a,Ideal_0%,f=0.1,FNR,200,1.0,0.0
Six-State,sweep_a,Ideal_0%,f=0.2,QBER,10,0.06311738487885407,0.002819039638851179
Six-State,sweep_a,Ideal_0%,f=0.2,QBER,25,0.06872221778809635,0.0023799678516077507
Six-State,sweep_a,Ideal_0%,f=0.2,QBER,50,0.06848432989813842,0.0015250110215606764
Six-State,sweep_a,Ideal_0%,f=0.2,QBER,100,0.06804346330521219,0.0012643480785828733
Six-State,sweep_a,Ideal_0%,f=0.2,QBER,200,0.067631439477686,0.0008787439645881246
Six-State,sweep_a,Ideal_0%,f=0.2,SKR,10,0.10662385112822384,0.007371237038662435
Six-State,sweep_a,Ideal_0%,f=0.2,SKR,25,0.09312121224801606,0.0059026064216688365
Six-State,sweep_a,Ideal_0%,f=0.2,SKR,50,0.09331749960905804,0.0038284640712624514
Six-State,sweep_a,Ideal_0%,f=0.2,SKR,100,0.09528435222089604,0.0032223945982253754
Six-State,sweep_a,Ideal_0%,f=0.2,SKR,200,0.09622927285670321,0.0022400731031431884
Six-State,sweep_a,Ideal_0%,f=0.2,FNR,10,1.0,0.0
Six-State,sweep_a,Ideal_0%,f=0.2,FNR,25,1.0,0.0
Six-State,sweep_a,Ideal_0%,f=0.2,FNR,50,1.0,0.0
Six-State,sweep_a,Ideal_0%,f=0.2,FNR,100,1.0,0.0
Six-State,sweep_a,Ideal_0%,f=0.2,FNR,200,1.0,0.0
Six-State,sweep_a,Ideal_0%,f=0.3,QBER,10,0.10346191164417902,0.006450429437803347
Six-State,sweep_a,Ideal_0%,f=0.3,QBER,25,0.09745503855011042,0.0029359908639653752
Six-State,sweep_a,Ideal_0%,f=0.3,QBER,50,0.10015261899871991,0.0020895817075994635
Six-State,sweep_a,Ideal_0%,f=0.3,QBER,100,0.09983683140571496,0.0015633319681029778
Six-State,sweep_a,Ideal_0%,f=0.3,QBER,200,0.10018569223002423,0.0011673490529301841
Six-State,sweep_a,Ideal_0%,f=0.3,SKR,10,0.02335949378709277,0.009030448934048377
Six-State,sweep_a,Ideal_0%,f=0.3,SKR,25,0.030061067769526016,0.004447136896883271
Six-State,sweep_a,Ideal_0%,f=0.3,SKR,50,0.025798785239872907,0.003366320702704375
Six-State,sweep_a,Ideal_0%,f=0.3,SKR,100,0.02757979242927912,0.002470630425085798
Six-State,sweep_a,Ideal_0%,f=0.3,SKR,200,0.027559589252847023,0.00186478367338349
Six-State,sweep_a,Ideal_0%,f=0.3,FNR,10,1.0,0.0
Six-State,sweep_a,Ideal_0%,f=0.3,FNR,25,1.0,0.0
Six-State,sweep_a,Ideal_0%,f=0.3,FNR,50,1.0,0.0
Six-State,sweep_a,Ideal_0%,f=0.3,FNR,100,1.0,0.0
Six-State,sweep_a,Ideal_0%,f=0.3,FNR,200,1.0,0.0
Six-State,sweep_a,Ideal_0%,f=0.4,QBER,10,0.12748907335283252,0.003787648043727562
Six-State,sweep_a,Ideal_0%,f=0.4,QBER,25,0.13458513534415448,0.0029289413613402815
Six-State,sweep_a,Ideal_0%,f=0.4,QBER,50,0.1333827586503418,0.0021130936743051693
Six-State,sweep_a,Ideal_0%,f=0.4,QBER,100,0.13123970337585933,0.0017910417244409384
Six-State,sweep_a,Ideal_0%,f=0.4,QBER,200,0.13176324018539357,0.0013434097894844089
Six-State,sweep_a,Ideal_0%,f=0.4,SKR,10,0.00013212141750386074,0.0001321214175038607
Six-State,sweep_a,Ideal_0%,f=0.4,SKR,25,5.2848567001544294e-05,5.2848567001544294e-05
Six-State,sweep_a,Ideal_0%,f=0.4,SKR,50,0.0003845059697900383,0.00024856120848363347
Six-State,sweep_a,Ideal_0%,f=0.4,SKR,100,0.0019061067301424782,0.000792963860836432
Six-State,sweep_a,Ideal_0%,f=0.4,SKR,200,0.002013927522624781,0.000511801760485585
Six-State,sweep_a,Ideal_0%,f=0.4,FNR,10,1.0,0.0
Six-State,sweep_a,Ideal_0%,f=0.4,FNR,25,1.0,0.0
Six-State,sweep_a,Ideal_0%,f=0.4,FNR,50,1.0,0.0
Six-State,sweep_a,Ideal_0%,f=0.4,FNR,100,0.98,0.014070529413628968
Six-State,sweep_a,Ideal_0%,f=0.4,FNR,200,0.96,0.013891177924157583
Six-State,sweep_a,Ideal_0%,f=0.5,QBER,10,0.17410842064765156,0.00542513013156882
Six-State,sweep_a,Ideal_0%,f=0.5,QBER,25,0.17100626691761137,0.0030120913605253792
Six-State,sweep_a,Ideal_0%,f=0.5,QBER,50,0.16879573943782017,0.0023560364828744576
Six-State,sweep_a,Ideal_0%,f=0.5,QBER,100,0.16638063015270926,0.0017322910490260347
Six-State,sweep_a,Ideal_0%,f=0.5,QBER,200,0.16575263413729366,0.0014513102750357808
Six-State,sweep_a,Ideal_0%,f=0.5,SKR,10,0.0,0.0
Six-State,sweep_a,Ideal_0%,f=0.5,SKR,25,0.0,0.0
Six-State,sweep_a,Ideal_0%,f=0.5,SKR,50,0.0,0.0
Six-State,sweep_a,Ideal_0%,f=0.5,SKR,100,0.0,0.0
Six-State,sweep_a,Ideal_0%,f=0.5,SKR,200,0.0,0.0
Six-State,sweep_a,Ideal_0%,f=0.5,FNR,10,0.3,0.15275252316519464
Six-State,sweep_a,Ideal_0%,f=0.5,FNR,25,0.36,0.09797958971132713
Six-State,sweep_a,Ideal_0%,f=0.5,FNR,50,0.4,0.06998542122237651
Six-State,sweep_a,Ideal_0%,f=0.5,FNR,100,0.48,0.05021167315686782
Six-State,sweep_a,Ideal_0%,f=0.5,FNR,200,0.505,0.035442288003096976
Six-State,sweep_a,Ideal_0%,f=0.6,QBER,10,0.1947222217276485,0.004984927686967248
Six-State,sweep_a,Ideal_0%,f=0.6,QBER,25,0.19453871307272358,0.0034057668103303186
Six-State,sweep_a,Ideal_0%,f=0.6,QBER,50,0.1954719245930046,0.0024311732332146325
Six-State,sweep_a,Ideal_0%,f=0.6,QBER,100,0.1973582264397072,0.0019475512811527734
Six-State,sweep_a,Ideal_0%,f=0.6,QBER,200,0.19852453203971016,0.0014144507443642716
Six-State,sweep_a,Ideal_0%,f=0.6,SKR,10,0.0,0.0
Six-State,sweep_a,Ideal_0%,f=0.6,SKR,25,0.0,0.0
Six-State,sweep_a,Ideal_0%,f=0.6,SKR,50,0.0,0.0
Six-State,sweep_a,Ideal_0%,f=0.6,SKR,100,0.0,0.0
Six-State,sweep_a,Ideal_0%,f=0.6,SKR,200,0.0,0.0
Six-State,sweep_a,Ideal_0%,f=0.6,FNR,10,0.0,0.0
Six-State,sweep_a,Ideal_0%,f=0.6,FNR,25,0.0,0.0
Six-State,sweep_a,Ideal_0%,f=0.6,FNR,50,0.02,0.02
Six-State,sweep_a,Ideal_0%,f=0.6,FNR,100,0.03,0.01714466079977653
Six-State,sweep_a,Ideal_0%,f=0.6,FNR,200,0.045,0.014695399751940973
Six-State,sweep_a,Ideal_0%,f=0.7,QBER,10,0.23296292275049124,0.006474927959832373
Six-State,sweep_a,Ideal_0%,f=0.7,QBER,25,0.22529567693248229,0.004036862412899218
Six-State,sweep_a,Ideal_0%,f=0.7,QBER,50,0.22809427619493544,0.0031248445205795954
Six-State,sweep_a,Ideal_0%,f=0.7,QBER,100,0.23119916132675905,0.0023698452691963815
Six-State,sweep_a,Ideal_0%,f=0.7,QBER,200,0.23010876487541612,0.001635522511432712
Six-State,sweep_a,Ideal_0%,f=0.7,SKR,10,0.0,0.0
Six-State,sweep_a,Ideal_0%,f=0.7,SKR,25,0.0,0.0
Six-State,sweep_a,Ideal_0%,f=0.7,SKR,50,0.0,0.0
Six-State,sweep_a,Ideal_0%,f=0.7,SKR,100,0.0,0.0
Six-State,sweep_a,Ideal_0%,f=0.7,SKR,200,0.0,0.0
Six-State,sweep_a,Ideal_0%,f=0.7,FNR,10,0.0,0.0
Six-State,sweep_a,Ideal_0%,f=0.7,FNR,25,0.0,0.0
Six-State,sweep_a,Ideal_0%,f=0.7,FNR,50,0.0,0.0
Six-State,sweep_a,Ideal_0%,f=0.7,FNR,100,0.0,0.0
Six-State,sweep_a,Ideal_0%,f=0.7,FNR,200,0.0,0.0
Six-State,sweep_a,Ideal_0%,f=0.8,QBER,10,0.27246267243818695,0.008245299041285027
Six-State,sweep_a,Ideal_0%,f=0.8,QBER,25,0.2690015929559115,0.004766609840081311
Six-State,sweep_a,Ideal_0%,f=0.8,QBER,50,0.27129234330054414,0.0034533811087171023
Six-State,sweep_a,Ideal_0%,f=0.8,QBER,100,0.26988737308594074,0.0025265664853179747
Six-State,sweep_a,Ideal_0%,f=0.8,QBER,200,0.2684610112370632,0.001712669964942281
Six-State,sweep_a,Ideal_0%,f=0.8,SKR,10,0.0,0.0
Six-State,sweep_a,Ideal_0%,f=0.8,SKR,25,0.0,0.0
Six-State,sweep_a,Ideal_0%,f=0.8,SKR,50,0.0,0.0
Six-State,sweep_a,Ideal_0%,f=0.8,SKR,100,0.0,0.0
Six-State,sweep_a,Ideal_0%,f=0.8,SKR,200,0.0,0.0
Six-State,sweep_a,Ideal_0%,f=0.8,FNR,10,0.0,0.0
Six-State,sweep_a,Ideal_0%,f=0.8,FNR,25,0.0,0.0
Six-State,sweep_a,Ideal_0%,f=0.8,FNR,50,0.0,0.0
Six-State,sweep_a,Ideal_0%,f=0.8,FNR,100,0.0,0.0
Six-State,sweep_a,Ideal_0%,f=0.8,FNR,200,0.0,0.0
Six-State,sweep_a,Ideal_0%,f=0.9,QBER,10,0.3012261699224464,0.006354018540037908
Six-State,sweep_a,Ideal_0%,f=0.9,QBER,25,0.3097206253878073,0.00492894811769807
Six-State,sweep_a,Ideal_0%,f=0.9,QBER,50,0.3076478201561715,0.0030559878758568515
Six-State,sweep_a,Ideal_0%,f=0.9,QBER,100,0.3055687568542504,0.0023199922468577715
Six-State,sweep_a,Ideal_0%,f=0.9,QBER,200,0.3020573701948876,0.0017386148018564394
Six-State,sweep_a,Ideal_0%,f=0.9,SKR,10,0.0,0.0
Six-State,sweep_a,Ideal_0%,f=0.9,SKR,25,0.0,0.0
Six-State,sweep_a,Ideal_0%,f=0.9,SKR,50,0.0,0.0
Six-State,sweep_a,Ideal_0%,f=0.9,SKR,100,0.0,0.0
Six-State,sweep_a,Ideal_0%,f=0.9,SKR,200,0.0,0.0
Six-State,sweep_a,Ideal_0%,f=0.9,FNR,10,0.0,0.0
Six-State,sweep_a,Ideal_0%,f=0.9,FNR,25,0.0,0.0
Six-State,sweep_a,Ideal_0%,f=0.9,FNR,50,0.0,0.0
Six-State,sweep_a,Ideal_0%,f=0.9,FNR,100,0.0,0.0
Six-State,sweep_a,Ideal_0%,f=0.9,FNR,200,0.0,0.0
Six-State,sweep_a,Ideal_0%,f=1.0,QBER,10,0.3290803705082864,0.006629545760153606
Six-State,sweep_a,Ideal_0%,f=1.0,QBER,25,0.3307373774504584,0.004664655078112459
Six-State,sweep_a,Ideal_0%,f=1.0,QBER,50,0.33011482093935063,0.003807579621055515
Six-State,sweep_a,Ideal_0%,f=1.0,QBER,100,0.3298414995464314,0.0025116585385092788
Six-State,sweep_a,Ideal_0%,f=1.0,QBER,200,0.33217173268140143,0.0017895952378950296
Six-State,sweep_a,Ideal_0%,f=1.0,SKR,10,0.0,0.0
Six-State,sweep_a,Ideal_0%,f=1.0,SKR,25,0.0,0.0
Six-State,sweep_a,Ideal_0%,f=1.0,SKR,50,0.0,0.0
Six-State,sweep_a,Ideal_0%,f=1.0,SKR,100,0.0,0.0
Six-State,sweep_a,Ideal_0%,f=1.0,SKR,200,0.0,0.0
Six-State,sweep_a,Ideal_0%,f=1.0,FNR,10,0.0,0.0
Six-State,sweep_a,Ideal_0%,f=1.0,FNR,25,0.0,0.0
Six-State,sweep_a,Ideal_0%,f=1.0,FNR,50,0.0,0.0
Six-State,sweep_a,Ideal_0%,f=1.0,FNR,100,0.0,0.0
Six-State,sweep_a,Ideal_0%,f=1.0,FNR,200,0.0,0.0
E91,sweep_a,Ideal_0%,f=0.0,CHSH_S,10,2.8328966687372388,0.010661475182551804
E91,sweep_a,Ideal_0%,f=0.0,CHSH_S,25,2.8328335938877136,0.0066105764566825554
E91,sweep_a,Ideal_0%,f=0.0,CHSH_S,50,2.8329361976858074,0.004983582262430547
E91,sweep_a,Ideal_0%,f=0.0,CHSH_S,100,2.8356334872199414,0.00407063240746409
E91,sweep_a,Ideal_0%,f=0.0,CHSH_S,200,2.8331128099846477,0.003087619494456876
E91,sweep_a,Ideal_0%,f=0.0,SKR,10,0.2216064453125,0.0012285716453923807
E91,sweep_a,Ideal_0%,f=0.0,SKR,25,0.2211669921875,0.0007193177233932883
E91,sweep_a,Ideal_0%,f=0.0,SKR,50,0.22153076171875,0.0005753505557164276
E91,sweep_a,Ideal_0%,f=0.0,SKR,100,0.2217724609375,0.0004479411456547815
E91,sweep_a,Ideal_0%,f=0.0,SKR,200,0.22215087890625,0.00031698861135867124
E91,sweep_a,Ideal_0%,f=0.0,FPR,10,0.0,0.0
E91,sweep_a,Ideal_0%,f=0.0,FPR,25,0.0,0.0
E91,sweep_a,Ideal_0%,f=0.0,FPR,50,0.0,0.0
E91,sweep_a,Ideal_0%,f=0.0,FPR,100,0.0,0.0
E91,sweep_a,Ideal_0%,f=0.0,FPR,200,0.0,0.0
E91,sweep_a,Ideal_0%,f=0.1,CHSH_S,10,2.666411869710499,0.015782991028517344
E91,sweep_a,Ideal_0%,f=0.1,CHSH_S,25,2.682650209782705,0.009209600479820525
E91,sweep_a,Ideal_0%,f=0.1,CHSH_S,50,2.691995820923043,0.006231341332483464
E91,sweep_a,Ideal_0%,f=0.1,CHSH_S,100,2.6922322620361,0.004427852848183342
E91,sweep_a,Ideal_0%,f=0.1,CHSH_S,200,2.6856418482113953,0.0032782045541761107
E91,sweep_a,Ideal_0%,f=0.1,SKR,10,0.15625579688980534,0.0034205517893721635
E91,sweep_a,Ideal_0%,f=0.1,SKR,25,0.1575247087476123,0.0015854830313685488
E91,sweep_a,Ideal_0%,f=0.1,SKR,50,0.1552745397027281,0.001178559593132733
E91,sweep_a,Ideal_0%,f=0.1,SKR,100,0.15672316539984937,0.0009540948100851307
E91,sweep_a,Ideal_0%,f=0.1,SKR,200,0.15822285054671892,0.0006309873713812137
E91,sweep_a,Ideal_0%,f=0.1,FNR,10,1.0,0.0
E91,sweep_a,Ideal_0%,f=0.1,FNR,25,1.0,0.0
E91,sweep_a,Ideal_0%,f=0.1,FNR,50,1.0,0.0
E91,sweep_a,Ideal_0%,f=0.1,FNR,100,1.0,0.0
E91,sweep_a,Ideal_0%,f=0.1,FNR,200,1.0,0.0
E91,sweep_a,Ideal_0%,f=0.2,CHSH_S,10,2.5349087240808696,0.00980550690447149
E91,sweep_a,Ideal_0%,f=0.2,CHSH_S,25,2.5531264113948837,0.008089890742867258
E91,sweep_a,Ideal_0%,f=0.2,CHSH_S,50,2.542027522811112,0.007070455963560971
E91,sweep_a,Ideal_0%,f=0.2,CHSH_S,100,2.549491861766988,0.005241215130277952
E91,sweep_a,Ideal_0%,f=0.2,CHSH_S,200,2.552481049697758,0.00384039286781455
E91,sweep_a,Ideal_0%,f=0.2,SKR,10,0.11129040096408634,0.004344350434222763
E91,sweep_a,Ideal_0%,f=0.2,SKR,25,0.10716792511913557,0.002327187170179541
E91,sweep_a,Ideal_0%,f=0.2,SKR,50,0.10895665009480475,0.0015333682377831929
E91,sweep_a,Ideal_0%,f=0.2,SKR,100,0.1097083052068903,0.000994169069668058
E91,sweep_a,Ideal_0%,f=0.2,SKR,200,0.11003487535875191,0.0006989815622580909
E91,sweep_a,Ideal_0%,f=0.2,FNR,10,1.0,0.0
E91,sweep_a,Ideal_0%,f=0.2,FNR,25,1.0,0.0
E91,sweep_a,Ideal_0%,f=0.2,FNR,50,1.0,0.0
E91,sweep_a,Ideal_0%,f=0.2,FNR,100,1.0,0.0
E91,sweep_a,Ideal_0%,f=0.2,FNR,200,1.0,0.0
E91,sweep_a,Ideal_0%,f=0.3,CHSH_S,10,2.4027922330765703,0.017106670851267106
E91,sweep_a,Ideal_0%,f=0.3,CHSH_S,25,2.4025661649117276,0.009440038650548972
E91,sweep_a,Ideal_0%,f=0.3,CHSH_S,50,2.404579991556927,0.007073058007616944
E91,sweep_a,Ideal_0%,f=0.3,CHSH_S,100,2.4040506975439526,0.005214667429403725
E91,sweep_a,Ideal_0%,f=0.3,CHSH_S,200,2.4126320492473727,0.0037190450883714406
E91,sweep_a,Ideal_0%,f=0.3,SKR,10,0.06875844407335005,0.0019397195031741858
E91,sweep_a,Ideal_0%,f=0.3,SKR,25,0.06669137603092266,0.0014242525654213085
E91,sweep_a,Ideal_0%,f=0.3,SKR,50,0.06972438203073361,0.001309809756417544
E91,sweep_a,Ideal_0%,f=0.3,SKR,100,0.07157345907029322,0.0010307011380583288
E91,sweep_a,Ideal_0%,f=0.3,SKR,200,0.07200047678465267,0.000674101319711753
E91,sweep_a,Ideal_0%,f=0.3,FNR,10,1.0,0.0
E91,sweep_a,Ideal_0%,f=0.3,FNR,25,1.0,0.0
E91,sweep_a,Ideal_0%,f=0.3,FNR,50,1.0,0.0
E91,sweep_a,Ideal_0%,f=0.3,FNR,100,1.0,0.0
E91,sweep_a,Ideal_0%,f=0.3,FNR,200,1.0,0.0
E91,sweep_a,Ideal_0%,f=0.4,CHSH_S,10,2.269498960657007,0.014308286006971684
E91,sweep_a,Ideal_0%,f=0.4,CHSH_S,25,2.280974400672503,0.010315685984880049
E91,sweep_a,Ideal_0%,f=0.4,CHSH_S,50,2.273575616277027,0.00784924025118781
E91,sweep_a,Ideal_0%,f=0.4,CHSH_S,100,2.2649227667790766,0.005690030894232775
E91,sweep_a,Ideal_0%,f=0.4,CHSH_S,200,2.271311050066371,0.0037768670532547445
E91,sweep_a,Ideal_0%,f=0.4,SKR,10,0.035015105981090464,0.00418285602278384
E91,sweep_a,Ideal_0%,f=0.4,SKR,25,0.037585299343847745,0.0025447786067949187
E91,sweep_a,Ideal_0%,f=0.4,SKR,50,0.04045646412460591,0.0015641398483504704
E91,sweep_a,Ideal_0%,f=0.4,SKR,100,0.03903915620023956,0.0010084334050288793
E91,sweep_a,Ideal_0%,f=0.4,SKR,200,0.03903047916185267,0.000665617057879885
E91,sweep_a,Ideal_0%,f=0.4,FNR,10,1.0,0.0
E91,sweep_a,Ideal_0%,f=0.4,FNR,25,1.0,0.0
E91,sweep_a,Ideal_0%,f=0.4,FNR,50,1.0,0.0
E91,sweep_a,Ideal_0%,f=0.4,FNR,100,1.0,0.0
E91,sweep_a,Ideal_0%,f=0.4,FNR,200,1.0,0.0
E91,sweep_a,Ideal_0%,f=0.5,CHSH_S,10,2.146601742500681,0.015362812633669932
E91,sweep_a,Ideal_0%,f=0.5,CHSH_S,25,2.137277583413348,0.009426625016370876
E91,sweep_a,Ideal_0%,f=0.5,CHSH_S,50,2.132112588614612,0.006907234990253556
E91,sweep_a,Ideal_0%,f=0.5,CHSH_S,100,2.130106828222816,0.005121310597114377
E91,sweep_a,Ideal_0%,f=0.5,CHSH_S,200,2.125809141895916,0.003790305396838398
E91,sweep_a,Ideal_0%,f=0.5,SKR,10,0.00986853717766165,0.00346924046070835
E91,sweep_a,Ideal_0%,f=0.5,SKR,25,0.008900448396508115,0.0017922836101066663
E91,sweep_a,Ideal_0%,f=0.5,SKR,50,0.009588779416152257,0.0013001721282178387
E91,sweep_a,Ideal_0%,f=0.5,SKR,100,0.009474469847104072,0.0008699597199226007
E91,sweep_a,Ideal_0%,f=0.5,SKR,200,0.009223128171818484,0.0006090555324798638
E91,sweep_a,Ideal_0%,f=0.5,FNR,10,0.6,0.16329931618554522
E91,sweep_a,Ideal_0%,f=0.5,FNR,25,0.68,0.09521904571390467
E91,sweep_a,Ideal_0%,f=0.5,FNR,50,0.58,0.07050835816716038
E91,sweep_a,Ideal_0%,f=0.5,FNR,100,0.58,0.04960449637488583
E91,sweep_a,Ideal_0%,f=0.5,FNR,200,0.54,0.035330457200978174
E91,sweep_a,Ideal_0%,f=0.6,CHSH_S,10,1.9817631614500146,0.015351736005017127
E91,sweep_a,Ideal_0%,f=0.6,CHSH_S,25,1.9808478072335278,0.011689840664234657
E91,sweep_a,Ideal_0%,f=0.6,CHSH_S,50,1.9670653702782377,0.008265257890477853
E91,sweep_a,Ideal_0%,f=0.6,CHSH_S,100,1.9799573685923106,0.005863005132355649
E91,sweep_a,Ideal_0%,f=0.6,CHSH_S,200,1.9855741622252756,0.003989743710986358
E91,sweep_a,Ideal_0%,f=0.6,SKR,10,0.0,0.0
E91,sweep_a,Ideal_0%,f=0.6,SKR,25,0.0,0.0
E91,sweep_a,Ideal_0%,f=0.6,SKR,50,0.0,0.0
E91,sweep_a,Ideal_0%,f=0.6,SKR,100,5.023385191018107e-05,5.023385191018106e-05
E91,sweep_a,Ideal_0%,f=0.6,SKR,200,3.918137483625796e-05,2.8724873942442667e-05
E91,sweep_a,Ideal_0%,f=0.6,FNR,10,0.0,0.0
E91,sweep_a,Ideal_0%,f=0.6,FNR,25,0.0,0.0
E91,sweep_a,Ideal_0%,f=0.6,FNR,50,0.0,0.0
E91,sweep_a,Ideal_0%,f=0.6,FNR,100,0.01,0.009999999999999998
E91,sweep_a,Ideal_0%,f=0.6,FNR,200,0.02,0.0099243368701167
E91,sweep_a,Ideal_0%,f=0.7,CHSH_S,10,1.849572404263414,0.022651385968603617
E91,sweep_a,Ideal_0%,f=0.7,CHSH_S,25,1.8451868864379666,0.012453518390028031
E91,sweep_a,Ideal_0%,f=0.7,CHSH_S,50,1.8432365246161726,0.00773093449802906
E91,sweep_a,Ideal_0%,f=0.7,CHSH_S,100,1.8468073164727377,0.0055227511205303455
E91,sweep_a,Ideal_0%,f=0.7,CHSH_S,200,1.844574787636481,0.003840916078228738
E91,sweep_a,Ideal_0%,f=0.7,SKR,10,0.0,0.0
E91,sweep_a,Ideal_0%,f=0.7,SKR,25,0.0,0.0
E91,sweep_a,Ideal_0%,f=0.7,SKR,50,0.0,0.0
E91,sweep_a,Ideal_0%,f=0.7,SKR,100,0.0,0.0
E91,sweep_a,Ideal_0%,f=0.7,SKR,200,0.0,0.0
E91,sweep_a,Ideal_0%,f=0.7,FNR,10,0.0,0.0
E91,sweep_a,Ideal_0%,f=0.7,FNR,25,0.0,0.0
E91,sweep_a,Ideal_0%,f=0.7,FNR,50,0.0,0.0
E91,sweep_a,Ideal_0%,f=0.7,FNR,100,0.0,0.0
E91,sweep_a,Ideal_0%,f=0.7,FNR,200,0.0,0.0
E91,sweep_a,Ideal_0%,f=0.8,CHSH_S,10,1.7034971964787942,0.018338695635630172
E91,sweep_a,Ideal_0%,f=0.8,CHSH_S,25,1.6998213892263592,0.01505379929822558
E91,sweep_a,Ideal_0%,f=0.8,CHSH_S,50,1.7004845885666002,0.010256566675573581
E91,sweep_a,Ideal_0%,f=0.8,CHSH_S,100,1.7062161371341074,0.006257219918454879
E91,sweep_a,Ideal_0%,f=0.8,CHSH_S,200,1.703444704275065,0.004196450478038724
E91,sweep_a,Ideal_0%,f=0.8,SKR,10,0.0,0.0
E91,sweep_a,Ideal_0%,f=0.8,SKR,25,0.0,0.0
E91,sweep_a,Ideal_0%,f=0.8,SKR,50,0.0,0.0
E91,sweep_a,Ideal_0%,f=0.8,SKR,100,0.0,0.0
E91,sweep_a,Ideal_0%,f=0.8,SKR,200,0.0,0.0
E91,sweep_a,Ideal_0%,f=0.8,FNR,10,0.0,0.0
E91,sweep_a,Ideal_0%,f=0.8,FNR,25,0.0,0.0
E91,sweep_a,Ideal_0%,f=0.8,FNR,50,0.0,0.0
E91,sweep_a,Ideal_0%,f=0.8,FNR,100,0.0,0.0
E91,sweep_a,Ideal_0%,f=0.8,FNR,200,0.0,0.0
E91,sweep_a,Ideal_0%,f=0.9,CHSH_S,10,1.5329726407635642,0.023774305004258624
E91,sweep_a,Ideal_0%,f=0.9,CHSH_S,25,1.526257433378715,0.012385651044028398
E91,sweep_a,Ideal_0%,f=0.9,CHSH_S,50,1.545183863062866,0.009267064911936702
E91,sweep_a,Ideal_0%,f=0.9,CHSH_S,100,1.5489417150770441,0.006753890853627026
E91,sweep_a,Ideal_0%,f=0.9,CHSH_S,200,1.5572898932223758,0.004447833120816193
E91,sweep_a,Ideal_0%,f=0.9,SKR,10,0.0,0.0
E91,sweep_a,Ideal_0%,f=0.9,SKR,25,0.0,0.0
E91,sweep_a,Ideal_0%,f=0.9,SKR,50,0.0,0.0
E91,sweep_a,Ideal_0%,f=0.9,SKR,100,0.0,0.0
E91,sweep_a,Ideal_0%,f=0.9,SKR,200,0.0,0.0
E91,sweep_a,Ideal_0%,f=0.9,FNR,10,0.0,0.0
E91,sweep_a,Ideal_0%,f=0.9,FNR,25,0.0,0.0
E91,sweep_a,Ideal_0%,f=0.9,FNR,50,0.0,0.0
E91,sweep_a,Ideal_0%,f=0.9,FNR,100,0.0,0.0
E91,sweep_a,Ideal_0%,f=0.9,FNR,200,0.0,0.0
E91,sweep_a,Ideal_0%,f=1.0,CHSH_S,10,1.4261390419525322,0.018585098631320435
E91,sweep_a,Ideal_0%,f=1.0,CHSH_S,25,1.4337653971289157,0.011188264884348363
E91,sweep_a,Ideal_0%,f=1.0,CHSH_S,50,1.4222442803009416,0.009571234638848599
E91,sweep_a,Ideal_0%,f=1.0,CHSH_S,100,1.41947844348746,0.006295960009145098
E91,sweep_a,Ideal_0%,f=1.0,CHSH_S,200,1.4174011989387538,0.00437036918534476
E91,sweep_a,Ideal_0%,f=1.0,SKR,10,0.0,0.0
E91,sweep_a,Ideal_0%,f=1.0,SKR,25,0.0,0.0
E91,sweep_a,Ideal_0%,f=1.0,SKR,50,0.0,0.0
E91,sweep_a,Ideal_0%,f=1.0,SKR,100,0.0,0.0
E91,sweep_a,Ideal_0%,f=1.0,SKR,200,0.0,0.0
E91,sweep_a,Ideal_0%,f=1.0,FNR,10,0.0,0.0
E91,sweep_a,Ideal_0%,f=1.0,FNR,25,0.0,0.0
E91,sweep_a,Ideal_0%,f=1.0,FNR,50,0.0,0.0
E91,sweep_a,Ideal_0%,f=1.0,FNR,100,0.0,0.0
E91,sweep_a,Ideal_0%,f=1.0,FNR,200,0.0,0.0
BB84,sweep_b,Ideal_0%,p=0.0,QBER,10,0.0,0.0
BB84,sweep_b,Ideal_0%,p=0.0,QBER,25,0.0,0.0
BB84,sweep_b,Ideal_0%,p=0.0,QBER,50,0.0,0.0
BB84,sweep_b,Ideal_0%,p=0.0,QBER,100,0.0,0.0
BB84,sweep_b,Ideal_0%,p=0.0,QBER,200,0.0,0.0
BB84,sweep_b,Ideal_0%,p=0.0,SKR,10,0.4983999999999999,0.003896437118987325
BB84,sweep_b,Ideal_0%,p=0.0,SKR,25,0.5047600000000001,0.0031839597987411866
BB84,sweep_b,Ideal_0%,p=0.0,SKR,50,0.50442,0.002576675599072796
BB84,sweep_b,Ideal_0%,p=0.0,SKR,100,0.5029999999999999,0.0017931406903401478
BB84,sweep_b,Ideal_0%,p=0.0,SKR,200,0.50093,0.0012088557237338218
BB84,sweep_b,Ideal_0%,p=0.0,FPR,10,0.0,0.0
BB84,sweep_b,Ideal_0%,p=0.0,FPR,25,0.0,0.0
BB84,sweep_b,Ideal_0%,p=0.0,FPR,50,0.0,0.0
BB84,sweep_b,Ideal_0%,p=0.0,FPR,100,0.0,0.0
BB84,sweep_b,Ideal_0%,p=0.0,FPR,200,0.0,0.0
BB84,sweep_b,Noise_2%,p=0.04,QBER,10,0.014944303932788255,0.00218185626129645
BB84,sweep_b,Noise_2%,p=0.04,QBER,25,0.01825401623410777,0.0013438892390510858
BB84,sweep_b,Noise_2%,p=0.04,QBER,50,0.019286691542517633,0.0009185763001561858
BB84,sweep_b,Noise_2%,p=0.04,QBER,100,0.019749533197042857,0.000629923936105764
BB84,sweep_b,Noise_2%,p=0.04,QBER,200,0.019507473455184943,0.0004131441085294881
BB84,sweep_b,Noise_2%,p=0.04,SKR,10,0.39279677842256067,0.015185865492199411
BB84,sweep_b,Noise_2%,p=0.04,SKR,25,0.3727789122103447,0.008793329254027472
BB84,sweep_b,Noise_2%,p=0.04,SKR,50,0.36621528890655114,0.00606578017504511
BB84,sweep_b,Noise_2%,p=0.04,SKR,100,0.363530239711067,0.003989925446993857
BB84,sweep_b,Noise_2%,p=0.04,SKR,200,0.3629519226279595,0.002566002082522657
BB84,sweep_b,Noise_2%,p=0.04,FPR,10,0.0,0.0
BB84,sweep_b,Noise_2%,p=0.04,FPR,25,0.0,0.0
BB84,sweep_b,Noise_2%,p=0.04,FPR,50,0.0,0.0
BB84,sweep_b,Noise_2%,p=0.04,FPR,100,0.0,0.0
BB84,sweep_b,Noise_2%,p=0.04,FPR,200,0.0,0.0
BB84,sweep_b,Noise_5%,p=0.1,QBER,10,0.05099783672267714,0.0022042351397801962
BB84,sweep_b,Noise_5%,p=0.1,QBER,25,0.0492121580944425,0.0018116887774627792
BB84,sweep_b,Noise_5%,p=0.1,QBER,50,0.050001134737659755,0.0011838606832738471
BB84,sweep_b,Noise_5%,p=0.1,QBER,100,0.04903189607960083,0.000863191375000863
BB84,sweep_b,Noise_5%,p=0.1,QBER,200,0.049055892288357154,0.0006277674184670367
BB84,sweep_b,Noise_5%,p=0.1,SKR,10,0.21101394125611814,0.009338183691973905
BB84,sweep_b,Noise_5%,p=0.1,SKR,25,0.21931550045068385,0.00781865199223602
BB84,sweep_b,Noise_5%,p=0.1,SKR,50,0.21601089142041008,0.0051360862239402515
BB84,sweep_b,Noise_5%,p=0.1,SKR,100,0.21837812396433812,0.003754315651736955
BB84,sweep_b,Noise_5%,p=0.1,SKR,200,0.21860130913857082,0.002718327591597605
BB84,sweep_b,Noise_5%,p=0.1,FPR,10,0.0,0.0
BB84,sweep_b,Noise_5%,p=0.1,FPR,25,0.0,0.0
BB84,sweep_b,Noise_5%,p=0.1,FPR,50,0.0,0.0
BB84,sweep_b,Noise_5%,p=0.1,FPR,100,0.0,0.0
BB84,sweep_b,Noise_5%,p=0.1,FPR,200,0.0,0.0
BB84,sweep_b,Noise_8%,p=0.16,QBER,10,0.07588665019383414,0.0037067783617526235
BB84,sweep_b,Noise_8%,p=0.16,QBER,25,0.07929907473000652,0.002585484213263848
BB84,sweep_b,Noise_8%,p=0.16,QBER,50,0.07964790756210668,0.0016882542530299773
BB84,sweep_b,Noise_8%,p=0.16,QBER,100,0.08049552824762406,0.0012288516153655476
BB84,sweep_b,Noise_8%,p=0.16,QBER,200,0.07979502817320128,0.0008821880164491412
BB84,sweep_b,Noise_8%,p=0.16,SKR,10,0.11375758589505067,0.013406891385137202
BB84,sweep_b,Noise_8%,p=0.16,SKR,25,0.10161626388844519,0.00928787344420121
BB84,sweep_b,Noise_8%,p=0.16,SKR,50,0.100192726823011,0.006032015671306152
BB84,sweep_b,Noise_8%,p=0.16,SKR,100,0.09737804996231793,0.0043494398155708835
BB84,sweep_b,Noise_8%,p=0.16,SKR,200,0.10022619675278321,0.0031285583519514862
BB84,sweep_b,Noise_8%,p=0.16,FPR,10,0.0,0.0
BB84,sweep_b,Noise_8%,p=0.16,FPR,25,0.0,0.0
BB84,sweep_b,Noise_8%,p=0.16,FPR,50,0.0,0.0
BB84,sweep_b,Noise_8%,p=0.16,FPR,100,0.0,0.0
BB84,sweep_b,Noise_8%,p=0.16,FPR,200,0.0,0.0
BB84,sweep_b,Threshold_11%,p=0.22,QBER,10,0.10921719285003026,0.004946664018896428
BB84,sweep_b,Threshold_11%,p=0.22,QBER,25,0.1132526407366955,0.002910325513732127
BB84,sweep_b,Threshold_11%,p=0.22,QBER,50,0.1109829233882325,0.0020356969076649797
BB84,sweep_b,Threshold_11%,p=0.22,QBER,100,0.11183499101239434,0.0015433058501746245
BB84,sweep_b,Threshold_11%,p=0.22,QBER,200,0.11108021447700012,0.0010115425949031743
BB84,sweep_b,Threshold_11%,p=0.22,SKR,10,0.018137847666807927,0.009751808572274246
BB84,sweep_b,Threshold_11%,p=0.22,SKR,25,0.011216257687148594,0.004308240426706317
BB84,sweep_b,Threshold_11%,p=0.22,SKR,50,0.015537007065779119,0.0033521830472138378
BB84,sweep_b,Threshold_11%,p=0.22,SKR,100,0.01652991162421735,0.0025375247132197404
BB84,sweep_b,Threshold_11%,p=0.22,SKR,200,0.0160601925985012,0.0017843205622817813
BB84,sweep_b,Threshold_11%,p=0.22,FPR,10,0.1,0.09999999999999999
BB84,sweep_b,Threshold_11%,p=0.22,FPR,25,0.08,0.05537749241945383
BB84,sweep_b,Threshold_11%,p=0.22,FPR,50,0.06,0.033926691677251195
BB84,sweep_b,Threshold_11%,p=0.22,FPR,100,0.09,0.028762349126466143
BB84,sweep_b,Threshold_11%,p=0.22,FPR,200,0.055,0.016161092305986408
Six-State,sweep_b,Ideal_0%,p=0.0,QBER,10,0.0,0.0
Six-State,sweep_b,Ideal_0%,p=0.0,QBER,25,0.0,0.0
Six-State,sweep_b,Ideal_0%,p=0.0,QBER,50,0.0,0.0
Six-State,sweep_b,Ideal_0%,p=0.0,QBER,100,0.0,0.0
Six-State,sweep_b,Ideal_0%,p=0.0,QBER,200,0.0,0.0
Six-State,sweep_b,Ideal_0%,p=0.0,SKR,10,0.33759999999999996,0.005950163396449247
Six-State,sweep_b,Ideal_0%,p=0.0,SKR,25,0.33368000000000003,0.002847056959973462
Six-State,sweep_b,Ideal_0%,p=0.0,SKR,50,0.33158,0.002038825191934146
Six-State,sweep_b,Ideal_0%,p=0.0,SKR,100,0.33407,0.0015753950923402343
Six-State,sweep_b,Ideal_0%,p=0.0,SKR,200,0.33402,0.0010636516224165437
Six-State,sweep_b,Ideal_0%,p=0.0,FPR,10,0.0,0.0
Six-State,sweep_b,Ideal_0%,p=0.0,FPR,25,0.0,0.0
Six-State,sweep_b,Ideal_0%,p=0.0,FPR,50,0.0,0.0
Six-State,sweep_b,Ideal_0%,p=0.0,FPR,100,0.0,0.0
Six-State,sweep_b,Ideal_0%,p=0.0,FPR,200,0.0,0.0
Six-State,sweep_b,Noise_2%,p=0.04,QBER,10,0.018160726103486884,0.0030352467518279624
Six-State,sweep_b,Noise_2%,p=0.04,QBER,25,0.019339149210924254,0.0019251213526245731
Six-State,sweep_b,Noise_2%,p=0.04,QBER,50,0.019925021277076925,0.001217828875911702
Six-State,sweep_b,Noise_2%,p=0.04,QBER,100,0.019375134926147765,0.0008338194897357643
Six-State,sweep_b,Noise_2%,p=0.04,QBER,200,0.01975727641802609,0.0005643133283001312
Six-State,sweep_b,Noise_2%,p=0.04,SKR,10,0.24162459301147116,0.011358788473521451
Six-State,sweep_b,Noise_2%,p=0.04,SKR,25,0.23896350165854924,0.007133249823454817
Six-State,sweep_b,Noise_2%,p=0.04,SKR,50,0.2428021444180165,0.004852813405421582
Six-State,sweep_b,Noise_2%,p=0.04,SKR,100,0.2440080518813196,0.0033549451076292174
Six-State,sweep_b,Noise_2%,p=0.04,SKR,200,0.2416754234990031,0.0022841829659847965
Six-State,sweep_b,Noise_2%,p=0.04,FPR,10,0.0,0.0
Six-State,sweep_b,Noise_2%,p=0.04,FPR,25,0.0,0.0
Six-State,sweep_b,Noise_2%,p=0.04,FPR,50,0.0,0.0
Six-State,sweep_b,Noise_2%,p=0.04,FPR,100,0.0,0.0
Six-State,sweep_b,Noise_2%,p=0.04,FPR,200,0.0,0.0
Six-State,sweep_b,Noise_5%,p=0.1,QBER,10,0.05218844693492911,0.003902985196941507
Six-State,sweep_b,Noise_5%,p=0.1,QBER,25,0.05101415394302574,0.002063793847371691
Six-State,sweep_b,Noise_5%,p=0.1,QBER,50,0.04875950939448358,0.0017188931866677901
Six-State,sweep_b,Noise_5%,p=0.1,QBER,100,0.04862128391340415,0.0011417624335623106
Six-State,sweep_b,Noise_5%,p=0.1,QBER,200,0.04807308636005209,0.00079388181278558
Six-State,sweep_b,Noise_5%,p=0.1,SKR,10,0.13917527339025781,0.010595649583917299
Six-State,sweep_b,Noise_5%,p=0.1,SKR,25,0.14122303342842382,0.005467266398729265
Six-State,sweep_b,Noise_5%,p=0.1,SKR,50,0.14694103799797592,0.004687965216866791
Six-State,sweep_b,Noise_5%,p=0.1,SKR,100,0.14767243938971594,0.0031716467153372944
Six-State,sweep_b,Noise_5%,p=0.1,SKR,200,0.1487390904783142,0.002232870496629277
Six-State,sweep_b,Noise_5%,p=0.1,FPR,10,0.0,0.0
Six-State,sweep_b,Noise_5%,p=0.1,FPR,25,0.0,0.0
Six-State,sweep_b,Noise_5%,p=0.1,FPR,50,0.0,0.0
Six-State,sweep_b,Noise_5%,p=0.1,FPR,100,0.0,0.0
Six-State,sweep_b,Noise_5%,p=0.1,FPR,200,0.0,0.0
Six-State,sweep_b,Noise_8%,p=0.16,QBER,10,0.0782517447425519,0.0045179615040267275
Six-State,sweep_b,Noise_8%,p=0.16,QBER,25,0.08076339526413635,0.002982330553924591
Six-State,sweep_b,Noise_8%,p=0.16,QBER,50,0.07922956399695046,0.001837312718086937
Six-State,sweep_b,Noise_8%,p=0.16,QBER,100,0.08051105381742792,0.0015345448829369459
Six-State,sweep_b,Noise_8%,p=0.16,QBER,200,0.07946084749633742,0.001067471556425865
Six-State,sweep_b,Noise_8%,p=0.16,SKR,10,0.07035999924756803,0.010200761222294456
Six-State,sweep_b,Noise_8%,p=0.16,SKR,25,0.06472034288528111,0.0067867106752600185
Six-State,sweep_b,Noise_8%,p=0.16,SKR,50,0.06776989843795829,0.00420393017741075
Six-State,sweep_b,Noise_8%,p=0.16,SKR,100,0.0660803890427166,0.0032167236448151088
Six-State,sweep_b,Noise_8%,p=0.16,SKR,200,0.06828926861879077,0.0023455292989778397
Six-State,sweep_b,Noise_8%,p=0.16,FPR,10,0.0,0.0
Six-State,sweep_b,Noise_8%,p=0.16,FPR,25,0.0,0.0
Six-State,sweep_b,Noise_8%,p=0.16,FPR,50,0.0,0.0
Six-State,sweep_b,Noise_8%,p=0.16,FPR,100,0.0,0.0
Six-State,sweep_b,Noise_8%,p=0.16,FPR,200,0.0,0.0
Six-State,sweep_b,Threshold_11%,p=0.22,QBER,10,0.10589124820264802,0.002889677743685658
Six-State,sweep_b,Threshold_11%,p=0.22,QBER,25,0.11382532213383889,0.003609325558122745
Six-State,sweep_b,Threshold_11%,p=0.22,QBER,50,0.11082976108241262,0.0024100253944505465
Six-State,sweep_b,Threshold_11%,p=0.22,QBER,100,0.11011826973491975,0.0017048258868167688
Six-State,sweep_b,Threshold_11%,p=0.22,QBER,200,0.11123722110051616,0.0011040813681907342
Six-State,sweep_b,Threshold_11%,p=0.22,SKR,10,0.012885125665104556,0.0033680684437078093
Six-State,sweep_b,Threshold_11%,p=0.22,SKR,25,0.00907238693722195,0.0023290208614303903
Six-State,sweep_b,Threshold_11%,p=0.22,SKR,50,0.012606275666257332,0.002382370748166333
Six-State,sweep_b,Threshold_11%,p=0.22,SKR,100,0.014061350462625211,0.0018203376514357636
Six-State,sweep_b,Threshold_11%,p=0.22,SKR,200,0.011710821776523954,0.0012145928125509098
Six-State,sweep_b,Threshold_11%,p=0.22,FPR,10,0.0,0.0
Six-State,sweep_b,Threshold_11%,p=0.22,FPR,25,0.04,0.04
Six-State,sweep_b,Threshold_11%,p=0.22,FPR,50,0.02,0.019999999999999993
Six-State,sweep_b,Threshold_11%,p=0.22,FPR,100,0.01,0.009999999999999998
Six-State,sweep_b,Threshold_11%,p=0.22,FPR,200,0.005,0.005000000000000002
E91,sweep_b,Ideal_0%,p=0.0,CHSH_S,10,2.793309391523613,0.014385018700301148
E91,sweep_b,Ideal_0%,p=0.0,CHSH_S,25,2.7991351907438027,0.0090025312573213
E91,sweep_b,Ideal_0%,p=0.0,CHSH_S,50,2.806544828113209,0.006327268162203579
E91,sweep_b,Ideal_0%,p=0.0,CHSH_S,100,2.823031517166803,0.004752291379198515
E91,sweep_b,Ideal_0%,p=0.0,CHSH_S,200,2.8247319029303037,0.0034221708699540892
E91,sweep_b,Ideal_0%,p=0.0,SKR,10,0.22384033203125,0.0014911743505986344
E91,sweep_b,Ideal_0%,p=0.0,SKR,25,0.222880859375,0.0008740234375000001
E91,sweep_b,Ideal_0%,p=0.0,SKR,50,0.22177001953125,0.000638775435527467
E91,sweep_b,Ideal_0%,p=0.0,SKR,100,0.22186767578125,0.0004772265640381378
E91,sweep_b,Ideal_0%,p=0.0,SKR,200,0.2221673583984375,0.00034181604105715425
E91,sweep_b,Ideal_0%,p=0.0,FPR,10,0.0,0.0
E91,sweep_b,Ideal_0%,p=0.0,FPR,25,0.0,0.0
E91,sweep_b,Ideal_0%,p=0.0,FPR,50,0.0,0.0
E91,sweep_b,Ideal_0%,p=0.0,FPR,100,0.0,0.0
E91,sweep_b,Ideal_0%,p=0.0,FPR,200,0.0,0.0
E91,sweep_b,Noise_2%,p=0.04,CHSH_S,10,2.618279508885739,0.017326924557434727
E91,sweep_b,Noise_2%,p=0.04,CHSH_S,25,2.601843434801698,0.010030044034676075
E91,sweep_b,Noise_2%,p=0.04,CHSH_S,50,2.615084750441294,0.006588604975224584
E91,sweep_b,Noise_2%,p=0.04,CHSH_S,100,2.608256348192595,0.0053162368511819125
E91,sweep_b,Noise_2%,p=0.04,CHSH_S,200,2.605311686370507,0.0038424597747956243
E91,sweep_b,Noise_2%,p=0.04,SKR,10,0.11743569601776291,0.0027191921672729104
E91,sweep_b,Noise_2%,p=0.04,SKR,25,0.11769118066642671,0.0024327857801182498
E91,sweep_b,Noise_2%,p=0.04,SKR,50,0.11807562073233932,0.0015855412941489539
E91,sweep_b,Noise_2%,p=0.04,SKR,100,0.11791037158358282,0.0011166872566850947
E91,sweep_b,Noise_2%,p=0.04,SKR,200,0.11680250489254164,0.000766163044517321
E91,sweep_b,Noise_2%,p=0.04,FPR,10,0.0,0.0
E91,sweep_b,Noise_2%,p=0.04,FPR,25,0.0,0.0
E91,sweep_b,Noise_2%,p=0.04,FPR,50,0.0,0.0
E91,sweep_b,Noise_2%,p=0.04,FPR,100,0.0,0.0
E91,sweep_b,Noise_2%,p=0.04,FPR,200,0.0,0.0
E91,sweep_b,Noise_5%,p=0.1,CHSH_S,10,2.289010168187784,0.014261826099152575
E91,sweep_b,Noise_5%,p=0.1,CHSH_S,25,2.282824156897137,0.009624551851152446
E91,sweep_b,Noise_5%,p=0.1,CHSH_S,50,2.2735734940372736,0.007841001982520095
E91,sweep_b,Noise_5%,p=0.1,CHSH_S,100,2.284530089654459,0.0056774635162427246
E91,sweep_b,Noise_5%,p=0.1,CHSH_S,200,2.2863384681369614,0.0039228729685329275
E91,sweep_b,Noise_5%,p=0.1,SKR,10,0.020871887789790468,0.004518804397461265
E91,sweep_b,Noise_5%,p=0.1,SKR,25,0.020300916038232336,0.0021647726827797764
E91,sweep_b,Noise_5%,p=0.1,SKR,50,0.020641005818460435,0.0014469748402409336
E91,sweep_b,Noise_5%,p=0.1,SKR,100,0.021512834327072263,0.0009804856533692319
E91,sweep_b,Noise_5%,p=0.1,SKR,200,0.02133675745600028,0.0006746641733644243
E91,sweep_b,Noise_5%,p=0.1,FPR,10,0.0,0.0
E91,sweep_b,Noise_5%,p=0.1,FPR,25,0.0,0.0
E91,sweep_b,Noise_5%,p=0.1,FPR,50,0.0,0.0
E91,sweep_b,Noise_5%,p=0.1,FPR,100,0.0,0.0
E91,sweep_b,Noise_5%,p=0.1,FPR,200,0.0,0.0
E91,sweep_b,Noise_8%,p=0.16,CHSH_S,10,1.977054756642617,0.020147282908626957
E91,sweep_b,Noise_8%,p=0.16,CHSH_S,25,1.988037564101353,0.010779841082141287
E91,sweep_b,Noise_8%,p=0.16,CHSH_S,50,1.9967864723628765,0.008532687342312108
E91,sweep_b,Noise_8%,p=0.16,CHSH_S,100,2.001637447656564,0.005432187574031559
E91,sweep_b,Noise_8%,p=0.16,CHSH_S,200,2.00177425205666,0.003917575851875961
E91,sweep_b,Noise_8%,p=0.16,SKR,10,0.0,0.0
E91,sweep_b,Noise_8%,p=0.16,SKR,25,0.0,0.0
E91,sweep_b,Noise_8%,p=0.16,SKR,50,0.0,0.0
E91,sweep_b,Noise_8%,p=0.16,SKR,100,0.0,0.0
E91,sweep_b,Noise_8%,p=0.16,SKR,200,0.0,0.0
E91,sweep_b,Noise_8%,p=0.16,FPR,10,0.0,0.0
E91,sweep_b,Noise_8%,p=0.16,FPR,25,0.0,0.0
E91,sweep_b,Noise_8%,p=0.16,FPR,50,0.0,0.0
E91,sweep_b,Noise_8%,p=0.16,FPR,100,0.0,0.0
E91,sweep_b,Noise_8%,p=0.16,FPR,200,0.0,0.0
E91,sweep_b,Threshold_11%,p=0.22,CHSH_S,10,1.7226426197235305,0.021493157602751802
E91,sweep_b,Threshold_11%,p=0.22,CHSH_S,25,1.737084069975415,0.013898309805407122
E91,sweep_b,Threshold_11%,p=0.22,CHSH_S,50,1.7311985424230558,0.009529786756280833
E91,sweep_b,Threshold_11%,p=0.22,CHSH_S,100,1.7227471478466583,0.007166174086868956
E91,sweep_b,Threshold_11%,p=0.22,CHSH_S,200,1.7184758551247414,0.004699327496040422
E91,sweep_b,Threshold_11%,p=0.22,SKR,10,0.0,0.0
E91,sweep_b,Threshold_11%,p=0.22,SKR,25,0.0,0.0
E91,sweep_b,Threshold_11%,p=0.22,SKR,50,0.0,0.0
E91,sweep_b,Threshold_11%,p=0.22,SKR,100,0.0,0.0
E91,sweep_b,Threshold_11%,p=0.22,SKR,200,0.0,0.0
E91,sweep_b,Threshold_11%,p=0.22,FPR,10,0.0,0.0
E91,sweep_b,Threshold_11%,p=0.22,FPR,25,0.0,0.0
E91,sweep_b,Threshold_11%,p=0.22,FPR,50,0.0,0.0
E91,sweep_b,Threshold_11%,p=0.22,FPR,100,0.0,0.0
E91,sweep_b,Threshold_11%,p=0.22,FPR,200,0.0,0.0
